{
  "1": {
    "color": 0,
    "barycentre": [
      758.9287607775133,
      1003.5485144175008
    ],
    "parent": null,
    "children": [
      2,
      5,
      7,
      8,
      9,
      11,
      13,
      14,
      17,
      18,
      31,
      33,
      34
    ]
  },
  "2": {
    "color": 1,
    "barycentre": [
      411.14062353712023,
      1418.3092875199006
    ],
    "parent": 1,
    "children": [
      3,
      4,
      6
    ]
  },
  "3": {
    "color": 0,
    "barycentre": [
      281,
      1391
    ],
    "parent": 2,
    "children": []
  },
  "4": {
    "color": 0,
    "barycentre": [
      325.375,
      1521.625
    ],
    "parent": 2,
    "children": []
  },
  "5": {
    "color": 1,
    "barycentre": [
      344.136456211813,
      1404.890020366598
    ],
    "parent": 1,
    "children": []
  },
  "6": {
    "color": 0,
    "barycentre": [
      339,
      1507
    ],
    "parent": 2,
    "children": []
  },
  "7": {
    "color": 1,
    "barycentre": [
      384.3778705636744,
      1483.9791231732772
    ],
    "parent": 1,
    "children": []
  },
  "8": {
    "color": 1,
    "barycentre": [
      391.8392857142857,
      1430.2103174603183
    ],
    "parent": 1,
    "children": []
  },
  "9": {
    "color": 1,
    "barycentre": [
      419.6338689740419,
      1355.147095179235
    ],
    "parent": 1,
    "children": [
      10
    ]
  },
  "10": {
    "color": 0,
    "barycentre": [
      419.98429319371724,
      1354.2687609075044
    ],
    "parent": 9,
    "children": []
  },
  "11": {
    "color": 1,
    "barycentre": [
      467.6791973583947,
      1451.5547371094726
    ],
    "parent": 1,
    "children": [
      12
    ]
  },
  "12": {
    "color": 0,
    "barycentre": [
      467.9005145797599,
      1451.8559176672395
    ],
    "parent": 11,
    "children": []
  },
  "13": {
    "color": 1,
    "barycentre": [
      740.9777777777775,
      722.2111111111109
    ],
    "parent": 1,
    "children": [
      15,
      16
    ]
  },
  "14": {
    "color": 1,
    "barycentre": [
      735.0377358490566,
      584.6905660377358
    ],
    "parent": 1,
    "children": []
  },
  "15": {
    "color": 0,
    "barycentre": [
      741.0,
      724.5
    ],
    "parent": 13,
    "children": []
  },
  "16": {
    "color": 0,
    "barycentre": [
      750.0,
      727.5
    ],
    "parent": 13,
    "children": []
  },
  "17": {
    "color": 1,
    "barycentre": [
      817.3546099290791,
      648.6265957446799
    ],
    "parent": 1,
    "children": [
      19,
      20,
      21,
      22,
      23,
      24,
      25,
      26,
      27,
      28,
      29,
      30
    ]
  },
  "18": {
    "color": 1,
    "barycentre": [
      789.4912891986062,
      1126.6480836236933
    ],
    "parent": 1,
    "children": []
  },
  "19": {
    "color": 0,
    "barycentre": [
      791.5,
      596.0
    ],
    "parent": 17,
    "children": []
  },
  "20": {
    "color": 0,
    "barycentre": [
      799.0,
      685.5
    ],
    "parent": 17,
    "children": []
  },
  "21": {
    "color": 0,
    "barycentre": [
      803.6666666666666,
      688.3333333333334
    ],
    "parent": 17,
    "children": []
  },
  "22": {
    "color": 0,
    "barycentre": [
      812,
      636
    ],
    "parent": 17,
    "children": []
  },
  "23": {
    "color": 0,
    "barycentre": [
      814,
      600
    ],
    "parent": 17,
    "children": []
  },
  "24": {
    "color": 0,
    "barycentre": [
      819.3333333333334,
      625.6666666666666
    ],
    "parent": 17,
    "children": []
  },
  "25": {
    "color": 0,
    "barycentre": [
      820,
      685
    ],
    "parent": 17,
    "children": []
  },
  "26": {
    "color": 0,
    "barycentre": [
      822,
      645
    ],
    "parent": 17,
    "children": []
  },
  "27": {
    "color": 0,
    "barycentre": [
      826,
      664
    ],
    "parent": 17,
    "children": []
  },
  "28": {
    "color": 0,
    "barycentre": [
      832.1666666666666,
      659.1666666666666
    ],
    "parent": 17,
    "children": []
  },
  "29": {
    "color": 0,
    "barycentre": [
      836,
      657
    ],
    "parent": 17,
    "children": []
  },
  "30": {
    "color": 0,
    "barycentre": [
      842,
      679
    ],
    "parent": 17,
    "children": []
  },
  "31": {
    "color": 1,
    "barycentre": [
      891.7067510548524,
      1419.4324894514764
    ],
    "parent": 1,
    "children": [
      32
    ]
  },
  "32": {
    "color": 0,
    "barycentre": [
      892.8,
      1430.4
    ],
    "parent": 31,
    "children": []
  },
  "33": {
    "color": 1,
    "barycentre": [
      1203.5219298245624,
      750.9780701754388
    ],
    "parent": 1,
    "children": []
  },
  "34": {
    "color": 1,
    "barycentre": [
      1280.4782608695652,
      809.3671497584542
    ],
    "parent": 1,
    "children": []
  }
}