{
  "1": {
    "color": 0,
    "barycentre": [
      599.6913924326248,
      796.8083513248356
    ],
    "parent": null,
    "children": [
      2,
      17,
      24
    ]
  },
  "2": {
    "color": 1,
    "barycentre": [
      241.25888568684064,
      269.1324962261563
    ],
    "parent": 1,
    "children": [
      3,
      4,
      5,
      6,
      7,
      8,
      9,
      11,
      12,
      13
    ]
  },
  "3": {
    "color": 0,
    "barycentre": [
      133.44444444444446,
      269.8888888888889
    ],
    "parent": 2,
    "children": []
  },
  "4": {
    "color": 0,
    "barycentre": [
      133,
      278
    ],
    "parent": 2,
    "children": []
  },
  "5": {
    "color": 0,
    "barycentre": [
      137.0,
      262.5
    ],
    "parent": 2,
    "children": []
  },
  "6": {
    "color": 0,
    "barycentre": [
      137.5,
      275.5
    ],
    "parent": 2,
    "children": []
  },
  "7": {
    "color": 0,
    "barycentre": [
      246.7016538517318,
      263.9880313361378
    ],
    "parent": 2,
    "children": [
      10,
      16,
      20,
      21
    ]
  },
  "8": {
    "color": 0,
    "barycentre": [
      161.0,
      217.75
    ],
    "parent": 2,
    "children": []
  },
  "9": {
    "color": 0,
    "barycentre": [
      169.5,
      215.0
    ],
    "parent": 2,
    "children": []
  },
  "10": {
    "color": 1,
    "barycentre": [
      230.12819032220852,
      288.47730684836614
    ],
    "parent": 7,
    "children": [
      14,
      15,
      18,
      19
    ]
  },
  "11": {
    "color": 0,
    "barycentre": [
      174,
      201
    ],
    "parent": 2,
    "children": []
  },
  "12": {
    "color": 0,
    "barycentre": [
      176.0,
      213.5
    ],
    "parent": 2,
    "children": []
  },
  "13": {
    "color": 0,
    "barycentre": [
      178,
      204
    ],
    "parent": 2,
    "children": []
  },
  "14": {
    "color": 0,
    "barycentre": [
      202.53538461538466,
      266.86769230769255
    ],
    "parent": 10,
    "children": []
  },
  "15": {
    "color": 0,
    "barycentre": [
      217.40322580645153,
      306.30967741935467
    ],
    "parent": 10,
    "children": []
  },
  "16": {
    "color": 1,
    "barycentre": [
      230.10899182561303,
      208.3433242506812
    ],
    "parent": 7,
    "children": []
  },
  "17": {
    "color": 1,
    "barycentre": [
      291.54571428571427,
      426.47428571428577
    ],
    "parent": 1,
    "children": [
      22,
      23
    ]
  },
  "18": {
    "color": 0,
    "barycentre": [
      244.30794701986756,
      272.0132450331125
    ],
    "parent": 10,
    "children": []
  },
  "19": {
    "color": 0,
    "barycentre": [
      258.67114093959725,
      310.7147651006712
    ],
    "parent": 10,
    "children": []
  },
  "20": {
    "color": 1,
    "barycentre": [
      283.9215686274507,
      221.72829131652662
    ],
    "parent": 7,
    "children": []
  },
  "21": {
    "color": 1,
    "barycentre": [
      308.46388888888856,
      268.99722222222204
    ],
    "parent": 7,
    "children": []
  },
  "22": {
    "color": 0,
    "barycentre": [
      307.5,
      424.0
    ],
    "parent": 17,
    "children": []
  },
  "23": {
    "color": 0,
    "barycentre": [
      311,
      423
    ],
    "parent": 17,
    "children": []
  },
  "24": {
    "color": 1,
    "barycentre": [
      909.9176129499874,
      1375.8131795119602
    ],
    "parent": 1,
    "children": [
      25
    ]
  },
  "25": {
    "color": 0,
    "barycentre": [
      908.0730616302172,
      1367.0480450629598
    ],
    "parent": 24,
    "children": [
      26,
      27,
      28,
      30,
      33,
      34
    ]
  },
  "26": {
    "color": 1,
    "barycentre": [
      837.1832061068706,
      1380.478371501273
    ],
    "parent": 25,
    "children": []
  },
  "27": {
    "color": 1,
    "barycentre": [
      854.4214463840397,
      1337.96259351621
    ],
    "parent": 25,
    "children": []
  },
  "28": {
    "color": 1,
    "barycentre": [
      914.4565556711757,
      1399.019510926118
    ],
    "parent": 25,
    "children": [
      29,
      31,
      32
    ]
  },
  "29": {
    "color": 0,
    "barycentre": [
      894.5747126436781,
      1415.8879310344823
    ],
    "parent": 28,
    "children": []
  },
  "30": {
    "color": 1,
    "barycentre": [
      895.8311688311688,
      1308.3870129870143
    ],
    "parent": 25,
    "children": []
  },
  "31": {
    "color": 0,
    "barycentre": [
      909.3243243243242,
      1373.967567567569
    ],
    "parent": 28,
    "children": []
  },
  "32": {
    "color": 0,
    "barycentre": [
      939.6120689655172,
      1406.9310344827602
    ],
    "parent": 28,
    "children": []
  },
  "33": {
    "color": 1,
    "barycentre": [
      945.5280612244898,
      1320.2270408163276
    ],
    "parent": 25,
    "children": []
  },
  "34": {
    "color": 1,
    "barycentre": [
      978.3979591836735,
      1352.2984693877556
    ],
    "parent": 25,
    "children": []
  }
}