{
  "1": {
    "color": 0,
    "barycentre": [
      641.3678333878644,
      849.1040332884987
    ],
    "parent": null,
    "children": [
      2,
      3,
      5,
      7,
      29,
      30,
      42,
      44,
      48
    ]
  },
  "2": {
    "color": 1,
    "barycentre": [
      187.68480950024747,
      1241.8659079663564
    ],
    "parent": 1,
    "children": [
      9
    ]
  },
  "3": {
    "color": 1,
    "barycentre": [
      228.56224581418618,
      301.23134210109214
    ],
    "parent": 1,
    "children": [
      4
    ]
  },
  "4": {
    "color": 0,
    "barycentre": [
      228.26495905941752,
      302.4098782280058
    ],
    "parent": 3,
    "children": [
      6,
      11,
      12,
      14,
      17
    ]
  },
  "5": {
    "color": 1,
    "barycentre": [
      267.52592282881324,
      1385.4980886393478
    ],
    "parent": 1,
    "children": [
      8
    ]
  },
  "6": {
    "color": 1,
    "barycentre": [
      172.52760736196325,
      326.20245398772994
    ],
    "parent": 4,
    "children": []
  },
  "7": {
    "color": 1,
    "barycentre": [
      286.1533525826115,
      454.9948668591598
    ],
    "parent": 1,
    "children": [
      23,
      25,
      26,
      27,
      28
    ]
  },
  "8": {
    "color": 0,
    "barycentre": [
      267.68414235490087,
      1388.0229445506689
    ],
    "parent": 5,
    "children": [
      10,
      13,
      15,
      22,
      24
    ]
  },
  "9": {
    "color": 0,
    "barycentre": [
      181,
      1234
    ],
    "parent": 2,
    "children": []
  },
  "10": {
    "color": 1,
    "barycentre": [
      195.1374407582938,
      1377.2796208530815
    ],
    "parent": 8,
    "children": []
  },
  "11": {
    "color": 1,
    "barycentre": [
      199.79637096774198,
      250.4616935483871
    ],
    "parent": 4,
    "children": []
  },
  "12": {
    "color": 1,
    "barycentre": [
      211.46062992125985,
      298.32677165354346
    ],
    "parent": 4,
    "children": []
  },
  "13": {
    "color": 1,
    "barycentre": [
      212.12171837708823,
      1419.2291169451084
    ],
    "parent": 8,
    "children": []
  },
  "14": {
    "color": 1,
    "barycentre": [
      242.47754749568242,
      361.3324697754751
    ],
    "parent": 4,
    "children": [
      16
    ]
  },
  "15": {
    "color": 1,
    "barycentre": [
      274.22674717369,
      1362.8043422404953
    ],
    "parent": 8,
    "children": [
      18,
      19,
      21
    ]
  },
  "16": {
    "color": 0,
    "barycentre": [
      242.53644314868805,
      361.7405247813409
    ],
    "parent": 14,
    "children": []
  },
  "17": {
    "color": 1,
    "barycentre": [
      276.17652003362286,
      270.60969459232234
    ],
    "parent": 4,
    "children": [
      20
    ]
  },
  "18": {
    "color": 0,
    "barycentre": [
      254.92966360856306,
      1345.5137614678902
    ],
    "parent": 15,
    "children": []
  },
  "19": {
    "color": 0,
    "barycentre": [
      268.47021943573634,
      1386.9937304075238
    ],
    "parent": 15,
    "children": []
  },
  "20": {
    "color": 0,
    "barycentre": [
      276.9660056657226,
      270.43909348441946
    ],
    "parent": 17,
    "children": []
  },
  "21": {
    "color": 0,
    "barycentre": [
      299.49847094801225,
      1356.3853211009168
    ],
    "parent": 15,
    "children": []
  },
  "22": {
    "color": 1,
    "barycentre": [
      302.552311435523,
      1442.6496350364964
    ],
    "parent": 8,
    "children": []
  },
  "23": {
    "color": 0,
    "barycentre": [
      326,
      441
    ],
    "parent": 7,
    "children": []
  },
  "24": {
    "color": 1,
    "barycentre": [
      336.61151079136664,
      1413.0647482014394
    ],
    "parent": 8,
    "children": []
  },
  "25": {
    "color": 0,
    "barycentre": [
      331.5,
      436.0
    ],
    "parent": 7,
    "children": []
  },
  "26": {
    "color": 0,
    "barycentre": [
      333,
      434
    ],
    "parent": 7,
    "children": []
  },
  "27": {
    "color": 0,
    "barycentre": [
      335,
      433
    ],
    "parent": 7,
    "children": []
  },
  "28": {
    "color": 0,
    "barycentre": [
      336,
      431
    ],
    "parent": 7,
    "children": []
  },
  "29": {
    "color": 1,
    "barycentre": [
      453.13476263399696,
      929.1347626339973
    ],
    "parent": 1,
    "children": []
  },
  "30": {
    "color": 1,
    "barycentre": [
      596.3685000834193,
      846.5650408764811
    ],
    "parent": 1,
    "children": [
      31,
      32,
      33,
      34,
      41
    ]
  },
  "31": {
    "color": 0,
    "barycentre": [
      480,
      860
    ],
    "parent": 30,
    "children": []
  },
  "32": {
    "color": 0,
    "barycentre": [
      483.5,
      886.0
    ],
    "parent": 30,
    "children": []
  },
  "33": {
    "color": 0,
    "barycentre": [
      598.4001606425733,
      846.1055957161976
    ],
    "parent": 30,
    "children": [
      35,
      38,
      39,
      40
    ]
  },
  "34": {
    "color": 0,
    "barycentre": [
      503.5,
      909.0
    ],
    "parent": 30,
    "children": []
  },
  "35": {
    "color": 1,
    "barycentre": [
      569.8880062305321,
      870.1883177570076
    ],
    "parent": 33,
    "children": [
      36,
      37
    ]
  },
  "36": {
    "color": 0,
    "barycentre": [
      554.2552631578945,
      851.5026315789472
    ],
    "parent": 35,
    "children": []
  },
  "37": {
    "color": 0,
    "barycentre": [
      585.5613577023499,
      888.6997389033943
    ],
    "parent": 35,
    "children": []
  },
  "38": {
    "color": 1,
    "barycentre": [
      615.2432432432423,
      781.3918918918921
    ],
    "parent": 33,
    "children": []
  },
  "39": {
    "color": 1,
    "barycentre": [
      620.3249427917615,
      828.0549199084667
    ],
    "parent": 33,
    "children": []
  },
  "40": {
    "color": 1,
    "barycentre": [
      665.428246013668,
      841.2892938496582
    ],
    "parent": 33,
    "children": []
  },
  "41": {
    "color": 0,
    "barycentre": [
      655,
      922
    ],
    "parent": 30,
    "children": []
  },
  "42": {
    "color": 1,
    "barycentre": [
      930.0221937686732,
      1396.6999573196715
    ],
    "parent": 1,
    "children": [
      43
    ]
  },
  "43": {
    "color": 0,
    "barycentre": [
      928.4253436473928,
      1388.6180087929215
    ],
    "parent": 42,
    "children": [
      45,
      46,
      47,
      50,
      56,
      59
    ]
  },
  "44": {
    "color": 1,
    "barycentre": [
      864.3501073949066,
      448.6762810678123
    ],
    "parent": 1,
    "children": []
  },
  "45": {
    "color": 1,
    "barycentre": [
      857.7033248081841,
      1402.4117647058818
    ],
    "parent": 43,
    "children": []
  },
  "46": {
    "color": 1,
    "barycentre": [
      875.2543640897753,
      1360.0374064837893
    ],
    "parent": 43,
    "children": []
  },
  "47": {
    "color": 1,
    "barycentre": [
      934.6568318908994,
      1420.5027537372123
    ],
    "parent": 43,
    "children": [
      49,
      52,
      54
    ]
  },
  "48": {
    "color": 1,
    "barycentre": [
      1011.9110059631801,
      383.20307233601267
    ],
    "parent": 1,
    "children": [
      51,
      62,
      63,
      65,
      66
    ]
  },
  "49": {
    "color": 0,
    "barycentre": [
      914.733918128655,
      1437.3801169590643
    ],
    "parent": 47,
    "children": []
  },
  "50": {
    "color": 1,
    "barycentre": [
      916.8367875647665,
      1330.5492227979275
    ],
    "parent": 43,
    "children": []
  },
  "51": {
    "color": 0,
    "barycentre": [
      1010.670765940388,
      376.9211335382964
    ],
    "parent": 48,
    "children": [
      53,
      55,
      61,
      67
    ]
  },
  "52": {
    "color": 0,
    "barycentre": [
      929.7213114754098,
      1395.6202185792354
    ],
    "parent": 47,
    "children": []
  },
  "53": {
    "color": 1,