{
  "1": {
    "color": 0,
    "barycentre": [
      753.63942429157,
      1006.9983835684917
    ],
    "parent": null,
    "children": [
      2
    ]
  },
  "2": {
    "color": 1,
    "barycentre": [
      780.6973006887306,
      1012.9133596657629
    ],
    "parent": 1,
    "children": [
      3
    ]
  },
  "3": {
    "color": 0,
    "barycentre": [
      772.4324420384927,
      1012.9151766185461
    ],
    "parent": 2,
    "children": [
      4,
      5,
      6,
      7,
      9
    ]
  },
  "4": {
    "color": 1,
    "barycentre": [
      661.6489361702124,
      1090.8779724655822
    ],
    "parent": 3,
    "children": []
  },
  "5": {
    "color": 1,
    "barycentre": [
      701.1303820497271,
      901.7956337174045
    ],
    "parent": 3,
    "children": []
  },
  "6": {
    "color": 1,
    "barycentre": [
      824.2272769330402,
      1026.3236899731667
    ],
    "parent": 3,
    "children": [
      8,
      10,
      11
    ]
  },
  "7": {
    "color": 1,
    "barycentre": [
      726.1722222222226,
      1159.340740740742
    ],
    "parent": 3,
    "children": []
  },
  "8": {
    "color": 0,
    "barycentre": [
      772.8727984344423,
      1016.2844096542726
    ],
    "parent": 6,
    "children": []
  },
  "9": {
    "color": 1,
    "barycentre": [
      788.5359859567001,
      863.7840842598002
    ],
    "parent": 3,
    "children": []
  },
  "10": {
    "color": 0,
    "barycentre": [
      839.0051546391755,
      1078.5631443298976
    ],
    "parent": 6,
    "children": []
  },
  "11": {
    "color": 0,
    "barycentre": [
      858.8776796973522,
      986.1261034047919
    ],
    "parent": 6,
    "children": []
  }
}