{
  "1": {
    "color": 0,
    "barycentre": [
      758.1889239048102,
      1012.5417940295672
    ],
    "parent": null,
    "children": [
      2
    ]
  },
  "2": {
    "color": 1,
    "barycentre": [
      742.3052247477927,
      965.9495510965628
    ],
    "parent": 1,
    "children": [
      3,
      8
    ]
  },
  "3": {
    "color": 0,
    "barycentre": [
      746.445242639044,
      970.3004907306417
    ],
    "parent": 2,
    "children": [
      4,
      5,
      9,
      10,
      11
    ]
  },
  "4": {
    "color": 1,
    "barycentre": [
      659.4624146739814,
      1098.6724737216898
    ],
    "parent": 3,
    "children": [
      6
    ]
  },
  "5": {
    "color": 1,
    "barycentre": [
      665.9129378416698,
      837.8327596679485
    ],
    "parent": 3,
    "children": [
      7
    ]
  },
  "6": {
    "color": 0,
    "barycentre": [
      658.2783251231524,
      1100.3402533427147
    ],
    "parent": 4,
    "children": []
  },
  "7": {
    "color": 0,
    "barycentre": [
      666.4347389558246,
      837.6465863453815
    ],
    "parent": 5,
    "children": []
  },
  "9": {
    "color": 1,
    "barycentre": [
      799.5804474410049,
      975.0088875268158
    ],
    "parent": 3,
    "children": []
  },
  "10": {
    "color": 1,
    "barycentre": [
      867.4541213063758,
      1087.2006220839799
    ],
    "parent": 3,
    "children": []
  },
  "11": {
    "color": 1,
    "barycentre": [
      876.1492722205018,
      869.113967172499
    ],
    "parent": 3,
    "children": []
  }
}