{
  "1": {
    "color": 0,
    "barycentre": [
      751.6236520649411,
      1010.4827351384637
    ],
    "parent": null,
    "children": [
      2
    ]
  },
  "2": {
    "color": 1,
    "barycentre": [
      800.381142056621,
      978.5466900848901
    ],
    "parent": 1,
    "children": [
      3,
      8,
      10,
      21,
      22
    ]
  },
  "3": {
    "color": 0,
    "barycentre": [
      773.7658407483437,
      973.6803650467856
    ],
    "parent": 2,
    "children": [
      4,
      5,
      6,
      9,
      11,
      12
    ]
  },
  "4": {
    "color": 1,
    "barycentre": [
      629.8295401764972,
      965.9191825359964
    ],
    "parent": 3,
    "children": []
  },
  "5": {
    "color": 1,
    "barycentre": [
      672.9727985246653,
      1082.6911018902715
    ],
    "parent": 3,
    "children": [
      7
    ]
  },
  "6": {
    "color": 1,
    "barycentre": [
      686.9959128065384,
      855.6948228882836
    ],
    "parent": 3,
    "children": []
  },
  "7": {
    "color": 0,
    "barycentre": [
      663.5,
      1080.5
    ],
    "parent": 5,
    "children": []
  },
  "8": {
    "color": 0,
    "barycentre": [
      695.5961538461542,
      731.2692307692307
    ],
    "parent": 2,
    "children": []
  },
  "9": {
    "color": 1,
    "barycentre": [
      852.295567486023,
      981.475397107106
    ],
    "parent": 3,
    "children": [
      13,
      14,
      15,
      16,
      17,
      18,
      19,
      20
    ]
  },
  "10": {
    "color": 0,
    "barycentre": [
      727.5,
      705.0
    ],
    "parent": 2,
    "children": []
  },
  "11": {
    "color": 1,
    "barycentre": [
      759.0890075656441,
      1151.7690253671565
    ],
    "parent": 3,
    "children": []
  },
  "12": {
    "color": 1,
    "barycentre": [
      781.131474103586,
      798.4833997343953
    ],
    "parent": 3,
    "children": []
  },
  "13": {
    "color": 0,
    "barycentre": [
      789.7036878216128,
      976.9228130360206
    ],
    "parent": 9,
    "children": []
  },
  "14": {
    "color": 0,
    "barycentre": [
      787.3414634146342,
      911.0487804878048
    ],
    "parent": 9,
    "children": []
  },
  "15": {
    "color": 0,
    "barycentre": [
      841.2857142857143,
      889.0
    ],
    "parent": 9,
    "children": []
  },
  "16": {
    "color": 0,
    "barycentre": [
      844,
      886
    ],
    "parent": 9,
    "children": []
  },
  "17": {
    "color": 0,
    "barycentre": [
      848,
      885
    ],
    "parent": 9,
    "children": []
  },
  "18": {
    "color": 0,
    "barycentre": [
      878.4107635694577,
      1039.8863845446194
    ],
    "parent": 9,
    "children": []
  },
  "19": {
    "color": 0,
    "barycentre": [
      885.2514767932494,
      923.7206751054856
    ],
    "parent": 9,
    "children": []
  },
  "20": {
    "color": 0,
    "barycentre": [
      868.5,
      893.0
    ],
    "parent": 9,
    "children": []
  },
  "21": {
    "color": 0,
    "barycentre": [
      1025.0,
      981.0
    ],
    "parent": 2,
    "children": []
  },
  "22": {
    "color": 0,
    "barycentre": [
      1044,
      1019
    ],
    "parent": 2,
    "children": []
  }
}