{
  "1": {
    "color": 0,
    "barycentre": [
      754.4727852091644,
      1012.0530073728569
    ],
    "parent": null,
    "children": [
      2
    ]
  },
  "2": {
    "color": 1,
    "barycentre": [
      765.7987358208583,
      948.421858539329
    ],
    "parent": 1,
    "children": [
      3
    ]
  },
  "3": {
    "color": 0,
    "barycentre": [
      747.161671673877,
      950.481876358667
    ],
    "parent": 2,
    "children": [
      4,
      5,
      6,
      7
    ]
  },
  "4": {
    "color": 1,
    "barycentre": [
      613.048231511254,
      950.3220793140408
    ],
    "parent": 3,
    "children": []
  },
  "5": {
    "color": 1,
    "barycentre": [
      664.5914209115282,
      1069.4525469168934
    ],
    "parent": 3,
    "children": []
  },
  "6": {
    "color": 1,
    "barycentre": [
      667.2899377593366,
      831.9678423236514
    ],
    "parent": 3,
    "children": []
  },
  "7": {
    "color": 1,
    "barycentre": [
      816.1310029883397,
      952.5539164106233
    ],
    "parent": 3,
    "children": [
      8,
      9,
      10,
      11
    ]
  },
  "8": {
    "color": 0,
    "barycentre": [
      763.8127974616599,
      952.6092014806981
    ],
    "parent": 7,
    "children": []
  },
  "9": {
    "color": 0,
    "barycentre": [
      814.1560874089488,
      1037.9125910509886
    ],
    "parent": 7,
    "children": []
  },
  "10": {
    "color": 0,
    "barycentre": [
      817.1181541582148,
      867.906693711968
    ],
    "parent": 7,
    "children": []
  },
  "11": {
    "color": 0,
    "barycentre": [
      867.5570469798657,
      953.8064016520392
    ],
    "parent": 7,
    "children": []
  }
}