{
  "1": {
    "color": 0,
    "barycentre": [
      757.2511666033779,
      1007.5971043984023
    ],
    "parent": null,
    "children": [
      2
    ]
  },
  "2": {
    "color": 1,
    "barycentre": [
      734.358532144502,
      1004.4697153216817
    ],
    "parent": 1,
    "children": [
      3,
      10
    ]
  },
  "3": {
    "color": 0,
    "barycentre": [
      725.4313911201376,
      1004.4756458178244
    ],
    "parent": 2,
    "children": [
      4,
      5,
      6,
      7
    ]
  },
  "4": {
    "color": 1,
    "barycentre": [
      562.0234584450396,
      1081.2630697050965
    ],
    "parent": 3,
    "children": []
  },
  "5": {
    "color": 1,
    "barycentre": [
      598.8145956607492,
      874.5532544378696
    ],
    "parent": 3,
    "children": []
  },
  "6": {
    "color": 1,
    "barycentre": [
      649.6974564926363,
      990.7503346720214
    ],
    "parent": 3,
    "children": []
  },
  "7": {
    "color": 1,
    "barycentre": [
      823.1301777748473,
      1022.5310611554397
    ],
    "parent": 3,
    "children": [
      8,
      9
    ]
  },
  "8": {
    "color": 0,
    "barycentre": [
      810.9070811744382,
      1088.0093264248733
    ],
    "parent": 7,
    "children": []
  },
  "9": {
    "color": 0,
    "barycentre": [
      834.42029482345,
      959.1323277339733
    ],
    "parent": 7,
    "children": []
  }
}